{
  "hash": "5ab2261c",
  "configHash": "d2ae1d61",
  "lockfileHash": "cd8d4581",
  "browserHash": "39637aaf",
  "optimized": {
    "@angular/core": {
      "src": "../../../../../../node_modules/@angular/core/fesm2022/core.mjs",
      "file": "@angular_core.js",
      "fileHash": "816501c9",
      "needsInterop": false
    },
    "@angular/platform-browser": {
      "src": "../../../../../../node_modules/@angular/platform-browser/fesm2022/platform-browser.mjs",
      "file": "@angular_platform-browser.js",
      "fileHash": "54ac6a27",
      "needsInterop": false
    }
  },
  "chunks": {
    "chunk-EWR4TI42": {
      "file": "chunk-EWR4TI42.js"
    }
  }
}